id,code,first_name,last_name,web_name,team_id,position_id,photo
1,48844,David,Ospina,Ospina,1,1,https://resources.premierleague.com/premierleague/photos/players/110x140/p48844.png
2,11334,Petr,Cech,Cech,1,1,https://resources.premierleague.com/premierleague/photos/players/110x140/p11334.png
3,51507,Laurent,Koscielny,Koscielny,1,2,https://resources.premierleague.com/premierleague/photos/players/110x140/p51507.png
4,17127,Per,Mertesacker,Mertesacker,1,2,https://resources.premierleague.com/premierleague/photos/players/110x140/p17127.png
5,158074,Gabriel Armando,de Abreu,Gabriel,1,2,https://resources.premierleague.com/premierleague/photos/players/110x140/p158074.png
6,98745,Héctor,Bellerín,Bellerín,1,2,https://resources.premierleague.com/premierleague/photos/players/110x140/p98745.png
7,42427,Kieran,Gibbs,Gibbs,1,2,https://resources.premierleague.com/premierleague/photos/players/110x140/p42427.png
8,27334,Mathieu,Debuchy,Debuchy,1,2,https://resources.premierleague.com/premierleague/photos/players/110x140/p27334.png
9,80254,Carl,Jenkinson,Jenkinson,1,2,https://resources.premierleague.com/premierleague/photos/players/110x140/p80254.png
10,38411,Nacho,Monreal,Monreal,1,2,https://resources.premierleague.com/premierleague/photos/players/110x140/p38411.png
11,101184,Calum,Chambers,Chambers,12,2,https://resources.premierleague.com/premierleague/photos/players/110x140/p101184.png
12,37265,Alexis,Sánchez,Sánchez,1,3,https://resources.premierleague.com/premierleague/photos/players/110x140/p37265.png
13,20467,Theo,Walcott,Walcott,1,3,https://resources.premierleague.com/premierleague/photos/players/110x140/p20467.png
14,37605,Mesut,Özil,Özil,1,3,https://resources.premierleague.com/premierleague/photos/players/110x140/p37605.png
15,19524,Santiago,Cazorla,Cazorla,1,3,https://resources.premierleague.com/premierleague/photos/players/110x140/p19524.png
16,41792,Aaron,Ramsey,Ramsey,1,3,https://resources.premierleague.com/premierleague/photos/players/110x140/p41792.png
17,54102,Jack,Wilshere,Wilshere,2,3,https://resources.premierleague.com/premierleague/photos/players/110x140/p54102.png
18,81880,Alex,Oxlade-Chamberlain,Chamberlain,1,3,https://resources.premierleague.com/premierleague/photos/players/110x140/p81880.png
19,133798,Serge,Gnabry,Gnabry,1,3,https://resources.premierleague.com/premierleague/photos/players/110x140/p133798.png
20,56864,Francis,Coquelin,Coquelin,1,3,https://resources.premierleague.com/premierleague/photos/players/110x140/p56864.png
21,153133,Alex,Iwobi,Iwobi,1,3,https://resources.premierleague.com/premierleague/photos/players/110x140/p153133.png
22,153256,Mohamed,Elneny,Elneny,1,3,https://resources.premierleague.com/premierleague/photos/players/110x140/p153256.png
23,99127,Joel,Campbell,Campbell,1,3,https://resources.premierleague.com/premierleague/photos/players/110x140/p99127.png
24,84450,Granit,Xhaka,Xhaka,1,3,https://resources.premierleague.com/premierleague/photos/players/110x140/p84450.png
25,44346,Olivier,Giroud,Giroud,1,4,https://resources.premierleague.com/premierleague/photos/players/110x140/p44346.png
26,50175,Danny,Welbeck,Welbeck,1,4,https://resources.premierleague.com/premierleague/photos/players/110x140/p50175.png
27,80711,Yaya,Sanogo,Sanogo,1,4,https://resources.premierleague.com/premierleague/photos/players/110x140/p80711.png
28,154998,Takuma,Asano,Asano,1,4,https://resources.premierleague.com/premierleague/photos/players/110x140/p154998.png
29,18726,Artur,Boruc,Boruc,2,1,https://resources.premierleague.com/premierleague/photos/players/110x140/p18726.png
30,15885,Adam,Federici,Federici,2,1,https://resources.premierleague.com/premierleague/photos/players/110x140/p15885.png
31,15149,Simon,Francis,Francis,2,2,https://resources.premierleague.com/premierleague/photos/players/110x140/p15149.png
32,56917,Steve,Cook,Steve Cook,2,2,https://resources.premierleague.com/premierleague/photos/players/110x140/p56917.png
33,41320,Charlie,Daniels,Daniels,2,2,https://resources.premierleague.com/premierleague/photos/players/110x140/p41320.png
34,54469,Adam,Smith,Smith,2,2,https://resources.premierleague.com/premierleague/photos/players/110x140/p54469.png
35,149484,Tyrone,Mings,Mings,2,2,https://resources.premierleague.com/premierleague/photos/players/110x140/p149484.png
36,126184,Nathan,Aké,Aké,4,2,https://resources.premierleague.com/premierleague/photos/players/110x140/p126184.png
37,48615,Harry,Arter,Arter,2,3,https://resources.premierleague.com/premierleague/photos/players/110x140/p48615.png
38,20037,Marc,Pugh,Pugh,2,3,https://resources.premierleague.com/premierleague/photos/players/110x140/p20037.png
39,15237,Andrew,Surman,Surman,2,3,https://resources.premierleague.com/premierleague/photos/players/110x140/p15237.png
40,80498,Eunan,O'Kane,O'Kane,2,3,https://resources.premierleague.com/premierleague/photos/players/110x140/p80498.png
41,20669,Shaun,MacDonald,MacDonald,2,3,https://resources.premierleague.com/premierleague/photos/players/110x140/p20669.png
42,56872,Junior,Stanislas,Stanislas,2,3,https://resources.premierleague.com/premierleague/photos/players/110x140/p56872.png
43,40387,Dan,Gosling,Gosling,2,3,https://resources.premierleague.com/premierleague/photos/players/110x140/p40387.png
44,59741,Max,Gradel,Gradel,2,3,https://resources.premierleague.com/premierleague/photos/players/110x140/p59741.png
45,122342,Emerson,Hyndman,Hyndman,2,3,https://resources.premierleague.com/premierleague/photos/players/110x140/p122342.png
46,103912,Jordon,Ibe,Ibe,2,3,https://resources.premierleague.com/premierleague/photos/players/110x140/p103912.png
47,155408,Lewis,Cook,Lewis Cook,2,3,https://resources.premierleague.com/premierleague/photos/players/110x140/p155408.png
48,78007,Joshua,King,King,2,3,https://resources.premierleague.com/premierleague/photos/players/110x140/p78007.png
49,75115,Callum,Wilson,Callum Wilson,2,4,https://resources.premierleague.com/premierleague/photos/players/110x140/p75115.png
50,126468,Tokelo,Rantie,Rantie,2,4,https://resources.premierleague.com/premierleague/photos/players/110x140/p126468.png
51,21246,Lewis,Grabban,Grabban,2,4,https://resources.premierleague.com/premierleague/photos/players/110x140/p21246.png
52,88498,Benik,Afobe,Afobe,2,4,https://resources.premierleague.com/premierleague/photos/players/110x140/p88498.png
53,178304,Lys,Mousset,Mousset,2,4,https://resources.premierleague.com/premierleague/photos/players/110x140/p178304.png
54,21205,Tom,Heaton,Heaton,3,1,https://resources.premierleague.com/premierleague/photos/players/110x140/p21205.png
55,68983,Matthew,Lowton,Lowton,3,2,https://resources.premierleague.com/premierleague/photos/players/110x140/p68983.png
56,51927,Ben,Mee,Mee,3,2,https://resources.premierleague.com/premierleague/photos/players/110x140/p51927.png
57,40616,Stephen,Ward,Ward,3,2,https://resources.premierleague.com/premierleague/photos/players/110x140/p40616.png
58,106611,Michael,Keane,Keane,3,2,https://resources.premierleague.com/premierleague/photos/players/110x140/p106611.png
59,17761,James,Tarkowski,Tarkowski,3,2,https://resources.premierleague.com/premierleague/photos/players/110x140/p17761.png
60,85017,Tendayi,Darikwa,Darikwa,3,2,https://resources.premierleague.com/premierleague/photos/players/110x140/p85017.png
61,19556,David,Jones,Jones,3,3,https://resources.premierleague.com/premierleague/photos/players/110x140/p19556.png
62,28244,George,Boyd,Boyd,3,3,https://resources.premierleague.com/premierleague/photos/players/110x140/p28244.png
63,39158,Scott,Arfield,Arfield,3,3,https://resources.premierleague.com/premierleague/photos/players/110x140/p39158.png
64,15982,Dean,Marney,Marney,3,3,https://resources.premierleague.com/premierleague/photos/players/110x140/p15982.png
65,95508,Fredrik,Ulvestad,Ulvestad,3,3,https://resources.premierleague.com/premierleague/photos/players/110x140/p95508.png
66,15944,Michael,Kightly,Kightly,3,3,https://resources.premierleague.com/premierleague/photos/players/110x140/p15944.png
67,40399,Sam,Vokes,Vokes,3,4,https://resources.premierleague.com/premierleague/photos/players/110x140/p40399.png
68,73426,Andre,Gray,Gray,3,4,https://resources.premierleague.com/premierleague/photos/players/110x140/p73426.png
69,34654,Lukas,Jutkiewicz,Jutkiewicz,3,4,https://resources.premierleague.com/premierleague/photos/players/110x140/p34654.png
70,44699,Ashley,Barnes,Barnes,3,4,https://resources.premierleague.com/premierleague/photos/players/110x140/p44699.png
71,37002,Rouwen,Hennings,Hennings,3,4,https://resources.premierleague.com/premierleague/photos/players/110x140/p37002.png
72,153678,Chris,Long,Long,3,4,https://resources.premierleague.com/premierleague/photos/players/110x140/p153678.png
73,60772,Thibaut,Courtois,Courtois,4,1,https://resources.premierleague.com/premierleague/photos/players/110x140/p60772.png
74,40349,Asmir,Begovic,Begovic,4,1,https://resources.premierleague.com/premierleague/photos/players/110x140/p40349.png
75,1718,John,Terry,Terry,4,2,https://resources.premierleague.com/premierleague/photos/players/110x140/p1718.png
76,41135,Branislav,Ivanovic,Ivanovic,4,2,https://resources.premierleague.com/premierleague/photos/players/110x140/p41135.png
77,41328,César,Azpilicueta,Azpilicueta,4,2,https://resources.premierleague.com/premierleague/photos/players/110x140/p41328.png
78,19419,Gary,Cahill,Cahill,4,2,https://resources.premierleague.com/premierleague/photos/players/110x140/p19419.png
79,103192,Kurt,Zouma,Zouma,4,2,https://resources.premierleague.com/premierleague/photos/players/110x140/p103192.png
80,118335,Abdul Rahman,Baba,Baba Rahman,4,2,https://resources.premierleague.com/premierleague/photos/players/110x140/p118335.png
81,163793,Matt,Miazga,Miazga,4,2,https://resources.premierleague.com/premierleague/photos/players/110x140/p163793.png
82,42786,Eden,Hazard,Hazard,4,3,https://resources.premierleague.com/premierleague/photos/players/110x140/p42786.png
83,17878,Cesc,Fàbregas,Fàbregas,4,3,https://resources.premierleague.com/premierleague/photos/players/110x140/p17878.png
84,61262,Oscar,dos Santos Emboaba Junior,Oscar,4,3,https://resources.premierleague.com/premierleague/photos/players/110x140/p61262.png
85,66733,Juan,Cuadrado,Cuadrado,4,3,https://resources.premierleague.com/premierleague/photos/players/110x140/p66733.png
86,47431,Willian,Borges Da Silva,Willian,4,3,https://resources.premierleague.com/premierleague/photos/players/110x140/p47431.png
87,62398,Nemanja,Matic,Matic,4,3,https://resources.premierleague.com/premierleague/photos/players/110x140/p62398.png
88,126187,Ruben,Loftus-Cheek,Loftus-Cheek,4,3,https://resources.premierleague.com/premierleague/photos/players/110x140/p126187.png
89,28495,John Obi,Mikel,Mikel,4,3,https://resources.premierleague.com/premierleague/photos/players/110x140/p28495.png
90,49579,Pedro,Rodríguez Ledesma,Pedro,4,3,https://resources.premierleague.com/premierleague/photos/players/110x140/p49579.png
91,110504,Bertrand,Traore,Traore,4,3,https://resources.premierleague.com/premierleague/photos/players/110x140/p110504.png
92,49013,Victor,Moses,Moses,4,3,https://resources.premierleague.com/premierleague/photos/players/110x140/p49013.png
93,82660,Marco,Van Ginkel,Van Ginkel,4,3,https://resources.premierleague.com/premierleague/photos/players/110x140/p82660.png
94,167767,Robert Kenedy,Nunes do Nascimento,Kenedy,4,3,https://resources.premierleague.com/premierleague/photos/players/110x140/p167767.png
95,116594,N'Golo,Kanté,Kanté,4,3,https://resources.premierleague.com/premierleague/photos/players/110x140/p116594.png
96,94245,Michy,Batshuayi,Batshuayi,4,4,https://resources.premierleague.com/premierleague/photos/players/110x140/p94245.png
97,18507,Diego,Da Silva Costa,Costa,4,4,https://resources.premierleague.com/premierleague/photos/players/110x140/p18507.png
98,38419,Loïc,Remy,Remy,5,4,https://resources.premierleague.com/premierleague/photos/players/110x140/p38419.png
99,11554,Julian,Speroni,Speroni,5,1,https://resources.premierleague.com/premierleague/photos/players/110x140/p11554.png
100,20066,Wayne,Hennessey,Hennessey,5,1,https://resources.premierleague.com/premierleague/photos/players/110x140/p20066.png
101,58376,Alex,McCarthy,McCarthy,13,1,https://resources.premierleague.com/premierleague/photos/players/110x140/p58376.png
102,44413,Steve,Mandanda,Mandanda,5,1,https://resources.premierleague.com/premierleague/photos/players/110x140/p44413.png
103,49413,James,Tomkins,Tomkins,5,2,https://resources.premierleague.com/premierleague/photos/players/110x140/p49413.png
104,19188,Scott,Dann,Dann,5,2,https://resources.premierleague.com/premierleague/photos/players/110x140/p19188.png
105,55494,Joel,Ward,Ward,5,2,https://resources.premierleague.com/premierleague/photos/players/110x140/p55494.png
106,58786,Martin,Kelly,Kelly,5,2,https://resources.premierleague.com/premierleague/photos/players/110x140/p58786.png
107,7906,Damien,Delaney,Delaney,5,2,https://resources.premierleague.com/premierleague/photos/players/110x140/p7906.png
108,79228,Pape,Souaré,Souaré,5,2,https://resources.premierleague.com/premierleague/photos/players/110x140/p79228.png
109,55452,Yannick,Bolasie,Bolasie,6,3,https://resources.premierleague.com/premierleague/photos/players/110x140/p55452.png
110,19197,Jason,Puncheon,Puncheon,5,3,https://resources.premierleague.com/premierleague/photos/players/110x140/p19197.png
111,82403,Wilfried,Zaha,Zaha,5,3,https://resources.premierleague.com/premierleague/photos/players/110x140/p82403.png
112,59115,Mile,Jedinak,Jedinak,5,3,https://resources.premierleague.com/premierleague/photos/players/110x140/p59115.png
113,18805,Joe,Ledley,Ledley,5,3,https://resources.premierleague.com/premierleague/photos/players/110x140/p18805.png
114,50471,James,McArthur,McArthur,5,3,https://resources.premierleague.com/premierleague/photos/players/110x140/p50471.png
115,49438,Jordon,Mutch,Mutch,5,3,https://resources.premierleague.com/premierleague/photos/players/110x140/p49438.png
116,103100,Jonathan,Williams,Williams,5,3,https://resources.premierleague.com/premierleague/photos/players/110x140/p103100.png
117,75773,Chung-yong,Lee,Lee Chung-yong,5,3,https://resources.premierleague.com/premierleague/photos/players/110x140/p75773.png
118,27341,Yohan,Cabaye,Cabaye,5,3,https://resources.premierleague.com/premierleague/photos/players/110x140/p27341.png
119,44343,Bakary,Sako,Sako,5,3,https://resources.premierleague.com/premierleague/photos/players/110x140/p44343.png
120,60252,Andros,Townsend,Townsend,5,3,https://resources.premierleague.com/premierleague/photos/players/110x140/p60252.png
121,28541,Fraizer,Campbell,Campbell,5,4,https://resources.premierleague.com/premierleague/photos/players/110x140/p28541.png
122,59125,Connor,Wickham,Wickham,5,4,https://resources.premierleague.com/premierleague/photos/players/110x140/p59125.png
123,78315,Joel,Robles,Robles,6,1,https://resources.premierleague.com/premierleague/photos/players/110x140/p78315.png
124,10318,Maarten,Stekelenburg,Stekelenburg,6,1,https://resources.premierleague.com/premierleague/photos/players/110x140/p10318.png
125,12745,Leighton,Baines,Baines,6,2,https://resources.premierleague.com/premierleague/photos/players/110x140/p12745.png
126,59949,Seamus,Coleman,Coleman,6,2,https://resources.premierleague.com/premierleague/photos/players/110x140/p59949.png
127,7645,Phil,Jagielka,Jagielka,6,2,https://resources.premierleague.com/premierleague/photos/players/110x140/p7645.png
128,97299,John,Stones,Stones,10,2,https://resources.premierleague.com/premierleague/photos/players/110x140/p97299.png
129,108824,Brendan,Galloway,Galloway,6,2,https://resources.premierleague.com/premierleague/photos/players/110x140/p108824.png
130,149468,Tyias,Browning,Browning,6,2,https://resources.premierleague.com/premierleague/photos/players/110x140/p149468.png
131,114093,Matthew,Pennington,Pennington,6,2,https://resources.premierleague.com/premierleague/photos/players/110x140/p114093.png
132,121221,Ramiro,Funes Mori,Funes Mori,6,2,https://resources.premierleague.com/premierleague/photos/players/110x140/p121221.png
133,26901,Kevin,Mirallas,Mirallas,6,3,https://resources.premierleague.com/premierleague/photos/players/110x140/p26901.png
134,88894,Ross,Barkley,Barkley,6,3,https://resources.premierleague.com/premierleague/photos/players/110x140/p88894.png
135,43250,Tom,Cleverley,Cleverley,18,3,https://resources.premierleague.com/premierleague/photos/players/110x140/p43250.png
136,50472,James,McCarthy,McCarthy,6,3,https://resources.premierleague.com/premierleague/photos/players/110x140/p50472.png
137,1632,Gareth,Barry,Barry,6,3,https://resources.premierleague.com/premierleague/photos/players/110x140/p1632.png
138,27707,Darron,Gibson,Gibson,15,3,https://resources.premierleague.com/premierleague/photos/players/110x140/p27707.png
139,87447,Muhamed,Besic,Besic,6,3,https://resources.premierleague.com/premierleague/photos/players/110x140/p87447.png
140,77762,Bryan,Oviedo,Oviedo,15,3,https://resources.premierleague.com/premierleague/photos/players/110x140/p77762.png
141,94924,Gerard,Deulofeu,Deulofeu,6,3,https://resources.premierleague.com/premierleague/photos/players/110x140/p94924.png
142,17349,Aaron,Lennon,Lennon,6,3,https://resources.premierleague.com/premierleague/photos/players/110x140/p17349.png
143,66749,Romelu,Lukaku,Lukaku,6,4,https://resources.premierleague.com/premierleague/photos/players/110x140/p66749.png
144,26921,Arouna,Koné,Koné,6,4,https://resources.premierleague.com/premierleague/photos/players/110x140/p26921.png
145,113688,Oumar,Niasse,Niasse,7,4,https://resources.premierleague.com/premierleague/photos/players/110x140/p113688.png
146,12390,Allan,McGregor,McGregor,7,1,https://resources.premierleague.com/premierleague/photos/players/110x140/p12390.png
147,11974,Eldin,Jakupovic,Jakupovic,7,1,https://resources.premierleague.com/premierleague/photos/players/110x140/p11974.png
148,171982,Brian,Lenihan,Lenihan,7,2,https://resources.premierleague.com/premierleague/photos/players/110x140/p171982.png
149,19115,Curtis,Davies,Davies,7,2,https://resources.premierleague.com/premierleague/photos/players/110x140/p19115.png
150,12679,Michael,Dawson,Dawson,7,2,https://resources.premierleague.com/premierleague/photos/players/110x140/p12679.png
151,88898,Moses,Odubajo,Odubajo,7,2,https://resources.premierleague.com/premierleague/photos/players/110x140/p88898.png
152,122798,Andrew,Robertson,Robertson,7,2,https://resources.premierleague.com/premierleague/photos/players/110x140/p122798.png
153,95658,Harry,Maguire,Maguire,7,2,https://resources.premierleague.com/premierleague/photos/players/110x140/p95658.png
154,19687,Alex,Bruce,Bruce,7,2,https://resources.premierleague.com/premierleague/photos/players/110x140/p19687.png
155,18987,Robert,Snodgrass,Snodgrass,20,3,https://resources.premierleague.com/premierleague/photos/players/110x140/p18987.png
156,74033,Sam,Clucas,Clucas,7,3,https://resources.premierleague.com/premierleague/photos/players/110x140/p74033.png
157,49944,Jake,Livermore,Livermore,19,3,https://resources.premierleague.com/premierleague/photos/players/110x140/p49944.png
158,37339,Ahmed,Elmohamady,Elmohamady,7,3,https://resources.premierleague.com/premierleague/photos/players/110x140/p37339.png
159,28147,Mohamed,Diamé,Diamé,7,3,https://resources.premierleague.com/premierleague/photos/players/110x140/p28147.png
160,15109,Tom,Huddlestone,Huddlestone,7,3,https://resources.premierleague.com/premierleague/photos/players/110x140/p15109.png
161,53371,David,Meyler,Meyler,7,3,https://resources.premierleague.com/premierleague/photos/players/110x140/p53371.png
162,9110,Shaun,Maloney,Maloney,7,3,https://resources.premierleague.com/premierleague/photos/players/110x140/p9110.png
163,59856,Abel,Hernández,Hernández,7,4,https://resources.premierleague.com/premierleague/photos/players/110x140/p59856.png
164,111847,Adama,Diomande,Diomande,7,4,https://resources.premierleague.com/premierleague/photos/players/110x140/p111847.png
165,17745,Kasper,Schmeichel,Schmeichel,8,1,https://resources.premierleague.com/premierleague/photos/players/110x140/p17745.png
166,51934,Ron-Robert,Zieler,Zieler,8,1,https://resources.premierleague.com/premierleague/photos/players/110x140/p51934.png
167,15033,Wes,Morgan,Morgan,8,2,https://resources.premierleague.com/premierleague/photos/players/110x140/p15033.png
168,37402,Christian,Fuchs,Fuchs,8,2,https://resources.premierleague.com/premierleague/photos/players/110x140/p37402.png
169,86417,Jeffrey,Schlupp,Schlupp,5,2,https://resources.premierleague.com/premierleague/photos/players/110x140/p86417.png
170,37388,Marcin,Wasilewski,Wasilewski,8,2,https://resources.premierleague.com/premierleague/photos/players/110x140/p37388.png
171,46695,Ritchie,de Laet,de Laet,8,2,https://resources.premierleague.com/premierleague/photos/players/110x140/p46695.png
172,40725,Danny,Simpson,Simpson,8,2,https://resources.premierleague.com/premierleague/photos/players/110x140/p40725.png
173,12413,Robert,Huth,Huth,8,2,https://resources.premierleague.com/premierleague/photos/players/110x140/p12413.png
174,41321,Yohan,Benalouane,Benalouane,8,2,https://resources.premierleague.com/premierleague/photos/players/110x140/p41321.png
175,130025,Luis,Hernández,Hernández,8,2,https://resources.premierleague.com/premierleague/photos/players/110x140/p130025.png
176,103025,Riyad,Mahrez,Mahrez,8,3,https://resources.premierleague.com/premierleague/photos/players/110x140/p103025.png
177,51938,Marc,Albrighton,Albrighton,8,3,https://resources.premierleague.com/premierleague/photos/players/110x140/p51938.png
178,13152,Andy,King,King,8,3,https://resources.premierleague.com/premierleague/photos/players/110x140/p13152.png
179,61603,Daniel,Drinkwater,Drinkwater,8,3,https://resources.premierleague.com/premierleague/photos/players/110x140/p61603.png
180,40772,Gökhan,Inler,Inler,8,3,https://resources.premierleague.com/premierleague/photos/players/110x140/p40772.png
181,172632,Demarai,Gray,Gray,8,3,https://resources.premierleague.com/premierleague/photos/players/110x140/p172632.png
182,155569,Daniel,Amartey,Amartey,8,3,https://resources.premierleague.com/premierleague/photos/players/110x140/p155569.png
183,86881,Nampalys,Mendy,Mendy,8,3,https://resources.premierleague.com/premierleague/photos/players/110x140/p86881.png
184,101668,Jamie,Vardy,Vardy,8,4,https://resources.premierleague.com/premierleague/photos/players/110x140/p101668.png
185,54316,Leonardo,Ulloa,Ulloa,8,4,https://resources.premierleague.com/premierleague/photos/players/110x140/p54316.png
186,78412,Shinji,Okazaki,Okazaki,8,4,https://resources.premierleague.com/premierleague/photos/players/110x140/p78412.png
187,90714,Ahmed,Musa,Musa,8,4,https://resources.premierleague.com/premierleague/photos/players/110x140/p90714.png
188,66797,Simon,Mignolet,Mignolet,9,1,https://resources.premierleague.com/premierleague/photos/players/110x140/p66797.png
189,104542,Loris,Karius,Karius,9,1,https://resources.premierleague.com/premierleague/photos/players/110x140/p104542.png
190,40784,Mamadou,Sakho,Sakho,5,2,https://resources.premierleague.com/premierleague/photos/players/110x140/p40784.png
191,38454,Dejan,Lovren,Lovren,9,2,https://resources.premierleague.com/premierleague/photos/players/110x140/p38454.png
192,100059,Alberto,Moreno,Moreno,9,2,https://resources.premierleague.com/premierleague/photos/players/110x140/p100059.png
193,57328,Nathaniel,Clyne,Clyne,9,2,https://resources.premierleague.com/premierleague/photos/players/110x140/p57328.png
194,91979,Jon,Flanagan,Flanagan,3,2,https://resources.premierleague.com/premierleague/photos/players/110x140/p91979.png
195,171287,Joseph,Gomez,Gomez,9,2,https://resources.premierleague.com/premierleague/photos/players/110x140/p171287.png
196,134383,Connor,Randall,Randall,9,2,https://resources.premierleague.com/premierleague/photos/players/110x140/p134383.png
197,120447,Bradley,Smith,Smith,2,2,https://resources.premierleague.com/premierleague/photos/players/110x140/p120447.png
198,106449,Kevin,Stewart,Stewart,9,2,https://resources.premierleague.com/premierleague/photos/players/110x140/p106449.png
199,60914,Joel,Matip,Matip,9,2,https://resources.premierleague.com/premierleague/photos/players/110x140/p60914.png
200,43191,Leiva,Lucas,Lucas,9,3,https://resources.premierleague.com/premierleague/photos/players/110x140/p43191.png
201,56979,Jordan,Henderson,Henderson,9,3,https://resources.premierleague.com/premierleague/photos/players/110x140/p56979.png
202,40555,Joe,Allen,Allen,14,3,https://resources.premierleague.com/premierleague/photos/players/110x140/p40555.png
203,84583,Philippe,Coutinho,Coutinho,9,3,https://resources.premierleague.com/premierleague/photos/players/110x140/p84583.png
204,112338,Emre,Can,Can,9,3,https://resources.premierleague.com/premierleague/photos/players/110x140/p112338.png
205,39155,Adam,Lallana,Lallana,9,3,https://resources.premierleague.com/premierleague/photos/players/110x140/p39155.png
206,99323,Lazar,Markovic,Markovic,7,3,https://resources.premierleague.com/premierleague/photos/players/110x140/p99323.png
207,141921,Oluwaseyi,Ojo,Sheyi Ojo,9,3,https://resources.premierleague.com/premierleague/photos/players/110x140/p141921.png
208,15157,James,Milner,Milner,9,3,https://resources.premierleague.com/premierleague/photos/players/110x140/p15157.png
209,92217,Roberto,Firmino,Firmino,9,3,https://resources.premierleague.com/premierleague/photos/players/110x140/p92217.png
210,147668,Cameron,Brannagan,Brannagan,9,3,https://resources.premierleague.com/premierleague/photos/players/110x140/p147668.png
211,174254,Pedro,Chirivella,Chirivella,9,3,https://resources.premierleague.com/premierleague/photos/players/110x140/p174254.png
212,110979,Sadio,Mané,Mané,9,3,https://resources.premierleague.com/premierleague/photos/players/110x140/p110979.png
213,54861,Christian,Benteke,Christian Benteke,5,4,https://resources.premierleague.com/premierleague/photos/players/110x140/p54861.png
214,40755,Daniel,Sturridge,Sturridge,9,4,https://resources.premierleague.com/premierleague/photos/players/110x140/p40755.png
215,42493,Mario,Balotelli,Balotelli,9,4,https://resources.premierleague.com/premierleague/photos/players/110x140/p42493.png
216,84939,Danny,Ings,Ings,9,4,https://resources.premierleague.com/premierleague/photos/players/110x140/p84939.png
217,152760,Divock,Origi,Origi,9,4,https://resources.premierleague.com/premierleague/photos/players/110x140/p152760.png
218,15749,Joe,Hart,Hart,10,1,https://resources.premierleague.com/premierleague/photos/players/110x140/p15749.png
219,20310,Willy,Caballero,Caballero,10,1,https://resources.premierleague.com/premierleague/photos/players/110x140/p20310.png
220,42593,Aleksandar,Kolarov,Kolarov,10,2,https://resources.premierleague.com/premierleague/photos/players/110x140/p42593.png
221,20658,Pablo,Zabaleta,Zabaleta,10,2,https://resources.premierleague.com/premierleague/photos/players/110x140/p20658.png
222,17476,Vincent,Kompany,Kompany,10,2,https://resources.premierleague.com/premierleague/photos/players/110x140/p17476.png
223,17336,Gaël,Clichy,Clichy,10,2,https://resources.premierleague.com/premierleague/photos/players/110x140/p17336.png
224,37748,Bacary,Sagna,Sagna,10,2,https://resources.premierleague.com/premierleague/photos/players/110x140/p37748.png
225,57112,Eliaquim,Mangala,Mangala,10,2,https://resources.premierleague.com/premierleague/photos/players/110x140/p57112.png
226,57410,Nicolás,Otamendi,Otamendi,10,2,https://resources.premierleague.com/premierleague/photos/players/110x140/p57410.png
227,41823,Fabian,Delph,Delph,10,3,https://resources.premierleague.com/premierleague/photos/players/110x140/p41823.png
228,103955,Raheem,Sterling,Sterling,10,3,https://resources.premierleague.com/premierleague/photos/players/110x140/p103955.png
229,28554,Samir,Nasri,Nasri,10,3,https://resources.premierleague.com/premierleague/photos/players/110x140/p28554.png
230,20664,David,Silva,Silva,10,3,https://resources.premierleague.com/premierleague/photos/players/110x140/p20664.png
231,14664,Gnegneri Yaya,Touré,Yaya Touré,10,3,https://resources.premierleague.com/premierleague/photos/players/110x140/p14664.png
232,17740,Jesús,Navas,Navas,10,3,https://resources.premierleague.com/premierleague/photos/players/110x140/p17740.png
233,27789,Fernando,Luiz Rosa,Fernandinho,10,3,https://resources.premierleague.com/premierleague/photos/players/110x140/p27789.png
234,52538,Fernando Francisco,Reges,Fernando,10,3,https://resources.premierleague.com/premierleague/photos/players/110x140/p52538.png
235,61366,Kevin,De Bruyne,De Bruyne,10,3,https://resources.premierleague.com/premierleague/photos/players/110x140/p61366.png
236,59859,Ilkay,Gündogan,Gündogan,10,3,https://resources.premierleague.com/premierleague/photos/players/110x140/p59859.png
237,86173,Manuel,Agudo Durán,Nolito,10,3,https://resources.premierleague.com/premierleague/photos/players/110x140/p86173.png
238,206325,Oleksandr,Zinchenko,Zinchenko,10,3,https://resources.premierleague.com/premierleague/photos/players/110x140/p206325.png
239,37572,Sergio,Agüero,Agüero,10,4,https://resources.premierleague.com/premierleague/photos/players/110x140/p37572.png
240,57001,Wilfried,Bony,Bony,14,4,https://resources.premierleague.com/premierleague/photos/players/110x140/p57001.png
241,173515,Kelechi,Iheanacho,Iheanacho,10,4,https://resources.premierleague.com/premierleague/photos/players/110x140/p173515.png
242,51940,David,de Gea,de Gea,11,1,https://resources.premierleague.com/premierleague/photos/players/110x140/p51940.png
243,42899,Sergio,Romero,Romero,11,1,https://resources.premierleague.com/premierleague/photos/players/110x140/p42899.png
244,55909,Chris,Smalling,Smalling,11,2,https://resources.premierleague.com/premierleague/photos/players/110x140/p55909.png
245,76359,Phil,Jones,Jones,11,2,https://resources.premierleague.com/premierleague/photos/players/110x140/p76359.png
246,152015,Guillermo,Varela,Varela,11,2,https://resources.premierleague.com/premierleague/photos/players/110x140/p152015.png
247,106760,Luke,Shaw,Shaw,11,2,https://resources.premierleague.com/premierleague/photos/players/110x140/p106760.png
248,58893,Marcos,Rojo,Rojo,11,2,https://resources.premierleague.com/premierleague/photos/players/110x140/p58893.png
249,160817,Patrick,McNair,McNair,15,2,https://resources.premierleague.com/premierleague/photos/players/110x140/p160817.png
250,20695,Antonio,Valencia,Valencia,11,2,https://resources.premierleague.com/premierleague/photos/players/110x140/p20695.png
251,40002,Matteo,Darmian,Darmian,11,2,https://resources.premierleague.com/premierleague/photos/players/110x140/p40002.png
252,171273,Cameron,Borthwick-Jackson,Borthwick-Jackson,11,2,https://resources.premierleague.com/premierleague/photos/players/110x140/p171273.png
253,201084,Timothy,Fosu-Mensah,Fosu-Mensah,11,2,https://resources.premierleague.com/premierleague/photos/players/110x140/p201084.png
254,58877,Daley,Blind,Blind,11,2,https://resources.premierleague.com/premierleague/photos/players/110x140/p58877.png
255,197365,Eric,Bailly,Bailly,11,2,https://resources.premierleague.com/premierleague/photos/players/110x140/p197365.png
256,43670,Juan,Mata,Mata,11,3,https://resources.premierleague.com/premierleague/photos/players/110x140/p43670.png
257,41184,Marouane,Fellaini,Fellaini,11,3,https://resources.premierleague.com/premierleague/photos/players/110x140/p41184.png
258,106824,Memphis,Depay,Depay,11,3,https://resources.premierleague.com/premierleague/photos/players/110x140/p106824.png
259,2404,Michael,Carrick,Carrick,11,3,https://resources.premierleague.com/premierleague/photos/players/110x140/p2404.png
260,18892,Ashley,Young,Young,11,3,https://resources.premierleague.com/premierleague/photos/players/110x140/p18892.png
261,154976,Adnan,Januzaj,Januzaj,15,3,https://resources.premierleague.com/premierleague/photos/players/110x140/p154976.png
262,59846,Ander,Herrera,Herrera,11,3,https://resources.premierleague.com/premierleague/photos/players/110x140/p59846.png
263,156689,Andreas,Pereira,Pereira,11,3,https://resources.premierleague.com/premierleague/photos/players/110x140/p156689.png
264,42774,Morgan,Schneiderlin,Schneiderlin,6,3,https://resources.premierleague.com/premierleague/photos/players/110x140/p42774.png
265,15208,Bastian,Schweinsteiger,Schweinsteiger,11,3,https://resources.premierleague.com/premierleague/photos/players/110x140/p15208.png
266,109322,Jesse,Lingard,Lingard,11,3,https://resources.premierleague.com/premierleague/photos/players/110x140/p109322.png
267,148225,Anthony,Martial,Martial,11,3,https://resources.premierleague.com/premierleague/photos/players/110x140/p148225.png
268,57249,Henrikh,Mkhitaryan,Mkhitaryan,11,3,https://resources.premierleague.com/premierleague/photos/players/110x140/p57249.png
269,13017,Wayne,Rooney,Rooney,11,4,https://resources.premierleague.com/premierleague/photos/players/110x140/p13017.png
270,112139,James,Wilson,Wilson,11,4,https://resources.premierleague.com/premierleague/photos/players/110x140/p112139.png
271,176297,Marcus,Rashford,Rashford,11,4,https://resources.premierleague.com/premierleague/photos/players/110x140/p176297.png
272,9808,Zlatan,Ibrahimovic,Ibrahimovic,11,4,https://resources.premierleague.com/premierleague/photos/players/110x140/p9808.png
273,19101,Dimitrios,Konstantopoulos,Konstantopoulos,12,1,https://resources.premierleague.com/premierleague/photos/players/110x140/p19101.png
274,12496,Víctor,Valdés,Valdés,12,1,https://resources.premierleague.com/premierleague/photos/players/110x140/p12496.png
275,75880,Daniel,Ayala,Ayala,12,2,https://resources.premierleague.com/premierleague/photos/players/110x140/p75880.png
276,40202,George,Friend,Friend,12,2,https://resources.premierleague.com/premierleague/photos/players/110x140/p40202.png
277,169061,Dael,Fry,Fry,12,2,https://resources.premierleague.com/premierleague/photos/players/110x140/p169061.png
278,83312,Ben,Gibson,Gibson,12,2,https://resources.premierleague.com/premierleague/photos/players/110x140/p83312.png
279,48771,Emilio,Nsue Lopez,Nsue,12,2,https://resources.premierleague.com/premierleague/photos/players/110x140/p48771.png
280,55317,Bernardo,Espinosa Zúñiga,Bernardo,12,2,https://resources.premierleague.com/premierleague/photos/players/110x140/p55317.png
281,49773,Albert,Adomah,Adomah,12,3,https://resources.premierleague.com/premierleague/photos/players/110x140/p49773.png
282,12002,Stewart,Downing,Downing,12,3,https://resources.premierleague.com/premierleague/photos/players/110x140/p12002.png
283,59044,Adam,Clayton,Clayton,12,3,https://resources.premierleague.com/premierleague/photos/players/110x140/p59044.png
284,10460,Grant,Leadbitter,Leadbitter,12,3,https://resources.premierleague.com/premierleague/photos/players/110x140/p10460.png
285,96778,Adam,Reach,Reach,12,3,https://resources.premierleague.com/premierleague/photos/players/110x140/p96778.png
286,80179,Adam,Forshaw,Forshaw,12,3,https://resources.premierleague.com/premierleague/photos/players/110x140/p80179.png
287,153601,Carlos,De Pena,De Pena,12,3,https://resources.premierleague.com/premierleague/photos/players/110x140/p153601.png
288,169535,Julien,de Sart,de Sart,12,3,https://resources.premierleague.com/premierleague/photos/players/110x140/p169535.png
289,123125,Viktor,Fischer,Fischer,12,3,https://resources.premierleague.com/premierleague/photos/players/110x140/p123125.png
290,82428,Marten,de Roon,de Roon,12,3,https://resources.premierleague.com/premierleague/photos/players/110x140/p82428.png
291,12744,David,Nugent,Nugent,12,4,https://resources.premierleague.com/premierleague/photos/players/110x140/p12744.png
292,20047,Jordan,Rhodes,Rhodes,12,4,https://resources.premierleague.com/premierleague/photos/players/110x140/p20047.png
293,49464,Cristhian,Stuani,Stuani,12,4,https://resources.premierleague.com/premierleague/photos/players/110x140/p49464.png
294,40383,Fraser,Forster,Forster,13,1,https://resources.premierleague.com/premierleague/photos/players/110x140/p40383.png
295,102884,Paulo,Gazzaniga,Gazzaniga,13,1,https://resources.premierleague.com/premierleague/photos/players/110x140/p102884.png
296,40146,Ryan,Bertrand,Bertrand,13,2,https://resources.premierleague.com/premierleague/photos/players/110x140/p40146.png
297,38580,Jose,Fonte,Fonte,20,2,https://resources.premierleague.com/premierleague/photos/players/110x140/p38580.png
298,80447,Maya,Yoshida,Yoshida,13,2,https://resources.premierleague.com/premierleague/photos/players/110x140/p80447.png
299,169359,Matt,Targett,Targett,13,2,https://resources.premierleague.com/premierleague/photos/players/110x140/p169359.png
300,84395,Florin,Gardos,Gardos,13,2,https://resources.premierleague.com/premierleague/photos/players/110x140/p84395.png
301,58822,Cédric,Soares,Cédric,13,2,https://resources.premierleague.com/premierleague/photos/players/110x140/p58822.png
302,56192,Cuco,Martina,Martina,13,2,https://resources.premierleague.com/premierleague/photos/players/110x140/p56192.png
303,97032,Virgil,van Dijk,van Dijk,13,2,https://resources.premierleague.com/premierleague/photos/players/110x140/p97032.png
304,83283,Nathan,Redmond,Redmond,13,3,https://resources.premierleague.com/premierleague/photos/players/110x140/p83283.png
305,17339,Steven,Davis,Davis,13,3,https://resources.premierleague.com/premierleague/photos/players/110x140/p17339.png
306,101178,James,Ward-Prowse,Ward-Prowse,13,3,https://resources.premierleague.com/premierleague/photos/players/110x140/p101178.png
307,153366,Harrison,Reed,Reed,13,3,https://resources.premierleague.com/premierleague/photos/players/110x140/p153366.png
308,62399,Dusan,Tadic,Tadic,13,3,https://resources.premierleague.com/premierleague/photos/players/110x140/p62399.png
309,85654,Jordy,Clasie,Clasie,13,3,https://resources.premierleague.com/premierleague/photos/players/110x140/p85654.png
310,78056,Oriol,Romeu Vidal,Oriol Romeu,13,3,https://resources.premierleague.com/premierleague/photos/players/110x140/p78056.png
311,44683,Jay,Rodriguez,Rodriguez,13,3,https://resources.premierleague.com/premierleague/photos/players/110x140/p44683.png
312,132015,Pierre-Emile,Højbjerg,Højbjerg,13,3,https://resources.premierleague.com/premierleague/photos/players/110x140/p132015.png
313,20452,Shane,Long,Long,13,4,https://resources.premierleague.com/premierleague/photos/players/110x140/p20452.png
314,78356,Charlie,Austin,Austin,13,4,https://resources.premierleague.com/premierleague/photos/players/110x140/p78356.png
315,1822,Shay,Given,Given,14,1,https://resources.premierleague.com/premierleague/photos/players/110x140/p1822.png
316,105666,Jack,Butland,Butland,14,1,https://resources.premierleague.com/premierleague/photos/players/110x140/p105666.png
317,112316,Jakob,Haugaard,Haugaard,14,1,https://resources.premierleague.com/premierleague/photos/players/110x140/p112316.png
318,37869,Ryan,Shawcross,Shawcross,14,2,https://resources.premierleague.com/premierleague/photos/players/110x140/p37869.png
319,32318,Marc,Wilson,Marc Wilson,19,2,https://resources.premierleague.com/premierleague/photos/players/110x140/p32318.png
320,50089,Geoff,Cameron,Cameron,14,2,https://resources.premierleague.com/premierleague/photos/players/110x140/p50089.png
321,39487,Erik,Pieters,Pieters,14,2,https://resources.premierleague.com/premierleague/photos/players/110x140/p39487.png
322,61595,Marc,Muniesa,Muniesa,14,2,https://resources.premierleague.com/premierleague/photos/players/110x140/p61595.png
323,17997,Phil,Bardsley,Bardsley,14,2,https://resources.premierleague.com/premierleague/photos/players/110x140/p17997.png
324,69960,Philipp,Wollscheid,Wollscheid,14,2,https://resources.premierleague.com/premierleague/photos/players/110x140/p69960.png
325,9047,Glen,Johnson,Johnson,14,2,https://resources.premierleague.com/premierleague/photos/players/110x140/p9047.png
326,155706,Dionatan do Nascimento,Teixeira,Teixeira,14,2,https://resources.premierleague.com/premierleague/photos/players/110x140/p155706.png
327,20481,Stephen,Ireland,Ireland,14,3,https://resources.premierleague.com/premierleague/photos/players/110x140/p20481.png
328,20208,Charlie,Adam,Adam,14,3,https://resources.premierleague.com/premierleague/photos/players/110x140/p20208.png
329,12150,Glenn,Whelan,Whelan,14,3,https://resources.premierleague.com/premierleague/photos/players/110x140/p12150.png
330,12813,Jonathan,Walters,Walters,14,3,https://resources.premierleague.com/premierleague/photos/players/110x140/p12813.png
331,41464,Marko,Arnautovic,Arnautovic,14,3,https://resources.premierleague.com/premierleague/photos/players/110x140/p41464.png
332,19568,Ibrahim,Afellay,Afellay,14,3,https://resources.premierleague.com/premierleague/photos/players/110x140/p19568.png
333,68312,Xherdan,Shaqiri,Shaqiri,14,3,https://resources.premierleague.com/premierleague/photos/players/110x140/p68312.png
334,102738,Giannelli,Imbula,Imbula,14,3,https://resources.premierleague.com/premierleague/photos/players/110x140/p102738.png
335,40276,Bojan,Krkic,Bojan,14,3,https://resources.premierleague.com/premierleague/photos/players/110x140/p40276.png
336,3773,Peter,Crouch,Crouch,14,4,https://resources.premierleague.com/premierleague/photos/players/110x140/p3773.png
337,61858,Mame Biram,Diouf,Diouf,14,4,https://resources.premierleague.com/premierleague/photos/players/110x140/p61858.png
338,61316,Jose Luis,Mato Sanmartín,Joselu,14,4,https://resources.premierleague.com/premierleague/photos/players/110x140/p61316.png
339,20487,Vito,Mannone,Mannone,15,1,https://resources.premierleague.com/premierleague/photos/players/110x140/p20487.png
340,111234,Jordan,Pickford,Pickford,15,1,https://resources.premierleague.com/premierleague/photos/players/110x140/p111234.png
341,37742,Younes,Kaboul,Kaboul,18,2,https://resources.premierleague.com/premierleague/photos/players/110x140/p37742.png
342,3736,John,O'Shea,O'Shea,15,2,https://resources.premierleague.com/premierleague/photos/players/110x140/p3736.png
343,11467,Billy,Jones,Jones,15,2,https://resources.premierleague.com/premierleague/photos/players/110x140/p11467.png
344,74230,Patrick,van Aanholt,van Aanholt,5,2,https://resources.premierleague.com/premierleague/photos/players/110x140/p74230.png
345,60794,Adam,Matthews,Matthews,15,2,https://resources.premierleague.com/premierleague/photos/players/110x140/p60794.png
346,45076,Lamine,Koné,Koné,15,2,https://resources.premierleague.com/premierleague/photos/players/110x140/p45076.png
347,57736,Jan,Kirchhoff,Kirchhoff,15,3,https://resources.premierleague.com/premierleague/photos/players/110x140/p57736.png
348,28448,Lee,Cattermole,Cattermole,15,3,https://resources.premierleague.com/premierleague/photos/players/110x140/p28448.png
349,19057,Sebastian,Larsson,Larsson,15,3,https://resources.premierleague.com/premierleague/photos/players/110x140/p19057.png
350,49384,Jack,Rodwell,Rodwell,15,3,https://resources.premierleague.com/premierleague/photos/players/110x140/p49384.png
351,39187,Jeremain,Lens,Lens,15,3,https://resources.premierleague.com/premierleague/photos/players/110x140/p39187.png
352,60165,Wahbi,Khazri,Khazri,15,3,https://resources.premierleague.com/premierleague/photos/players/110x140/p60165.png
353,115854,Duncan,Watmore,Watmore,15,3,https://resources.premierleague.com/premierleague/photos/players/110x140/p115854.png
354,77454,Fabio,Borini,Borini,15,4,https://resources.premierleague.com/premierleague/photos/players/110x140/p77454.png
355,7958,Jermain,Defoe,Defoe,15,4,https://resources.premierleague.com/premierleague/photos/players/110x140/p7958.png
356,37096,Lukasz,Fabianski,Fabianski,16,1,https://resources.premierleague.com/premierleague/photos/players/110x140/p37096.png
357,61760,Kristoffer,Nordfeldt,Nordfeldt,16,1,https://resources.premierleague.com/premierleague/photos/players/110x140/p61760.png
358,49539,Kyle,Naughton,Naughton,16,2,https://resources.premierleague.com/premierleague/photos/players/110x140/p49539.png
359,19159,Ashley,Williams,Williams,6,2,https://resources.premierleague.com/premierleague/photos/players/110x140/p19159.png
360,47390,Neil,Taylor,Taylor,16,2,https://resources.premierleague.com/premierleague/photos/players/110x140/p47390.png
361,42996,Angel,Rangel,Rangel,16,2,https://resources.premierleague.com/premierleague/photos/players/110x140/p42996.png
362,80789,Jordi,Amat,Amat,16,2,https://resources.premierleague.com/premierleague/photos/players/110x140/p80789.png
363,57145,Federico,Fernández,Fernández,16,2,https://resources.premierleague.com/premierleague/photos/players/110x140/p57145.png
364,55313,Franck,Tabanou,Tabanou,16,2,https://resources.premierleague.com/premierleague/photos/players/110x140/p55313.png
365,96306,Stephen,Kingsley,Kingsley,16,2,https://resources.premierleague.com/premierleague/photos/players/110x140/p96306.png
366,97615,Mike,van der Hoorn,van der Hoorn,16,2,https://resources.premierleague.com/premierleague/photos/players/110x140/p97615.png
367,40145,Jack,Cork,Cork,16,3,https://resources.premierleague.com/premierleague/photos/players/110x140/p40145.png
368,55422,Gylfi,Sigurdsson,Sigurdsson,16,3,https://resources.premierleague.com/premierleague/photos/players/110x140/p55422.png
369,11829,Wayne,Routledge,Routledge,16,3,https://resources.premierleague.com/premierleague/photos/players/110x140/p11829.png
370,15114,Leon,Britton,Britton,16,3,https://resources.premierleague.com/premierleague/photos/players/110x140/p15114.png
371,96305,Jay,Fulton,Fulton,16,3,https://resources.premierleague.com/premierleague/photos/players/110x140/p96305.png
372,76542,Sung-yueng,Ki,Ki Sung-yueng,16,3,https://resources.premierleague.com/premierleague/photos/players/110x140/p76542.png
373,49195,Jefferson,Montero,Montero,16,3,https://resources.premierleague.com/premierleague/photos/players/110x140/p49195.png
374,45124,André,Ayew,Ayew,20,3,https://resources.premierleague.com/premierleague/photos/players/110x140/p45124.png
375,49277,Leroy,Fer,Fer,16,3,https://resources.premierleague.com/premierleague/photos/players/110x140/p49277.png
376,21083,Nathan,Dyer,Dyer,16,3,https://resources.premierleague.com/premierleague/photos/players/110x140/p21083.png
377,37998,Bafétimbi,Gomis,Gomis,16,4,https://resources.premierleague.com/premierleague/photos/players/110x140/p37998.png
378,39270,Marvin,Emnes,Emnes,16,4,https://resources.premierleague.com/premierleague/photos/players/110x140/p39270.png
379,111787,Modou,Barrow,Barrow,16,4,https://resources.premierleague.com/premierleague/photos/players/110x140/p111787.png
380,37915,Hugo,Lloris,Lloris,17,1,https://resources.premierleague.com/premierleague/photos/players/110x140/p37915.png
381,39215,Michel,Vorm,Vorm,17,1,https://resources.premierleague.com/premierleague/photos/players/110x140/p39215.png
382,55605,Toby,Alderweireld,Alderweireld,17,2,https://resources.premierleague.com/premierleague/photos/players/110x140/p55605.png
383,38290,Danny,Rose,Rose,17,2,https://resources.premierleague.com/premierleague/photos/players/110x140/p38290.png
384,58621,Kyle,Walker,Walker,17,2,https://resources.premierleague.com/premierleague/photos/players/110x140/p58621.png
385,39194,Jan,Vertonghen,Vertonghen,17,2,https://resources.premierleague.com/premierleague/photos/players/110x140/p39194.png
386,115556,Ben,Davies,Davies,17,2,https://resources.premierleague.com/premierleague/photos/players/110x140/p115556.png
387,77794,Kieran,Trippier,Trippier,17,2,https://resources.premierleague.com/premierleague/photos/players/110x140/p77794.png
388,97485,Kevin,Wimmer,Wimmer,17,2,https://resources.premierleague.com/premierleague/photos/players/110x140/p97485.png
389,151119,DeAndre,Yedlin,Yedlin,17,2,https://resources.premierleague.com/premierleague/photos/players/110x140/p151119.png
390,93264,Eric,Dier,Dier,17,3,https://resources.premierleague.com/premierleague/photos/players/110x140/p93264.png
391,39104,Mousa,Dembélé,Dembélé,17,3,https://resources.premierleague.com/premierleague/photos/players/110x140/p39104.png
392,54908,Nacer,Chadli,Chadli,19,3,https://resources.premierleague.com/premierleague/photos/players/110x140/p54908.png
393,62974,Erik,Lamela,Lamela,17,3,https://resources.premierleague.com/premierleague/photos/players/110x140/p62974.png
394,80607,Christian,Eriksen,Eriksen,17,3,https://resources.premierleague.com/premierleague/photos/players/110x140/p80607.png
395,126407,Nabil,Bentaleb,Bentaleb,17,3,https://resources.premierleague.com/premierleague/photos/players/110x140/p126407.png
396,58791,Ryan,Mason,Mason,7,3,https://resources.premierleague.com/premierleague/photos/players/110x140/p58791.png
397,93464,Tom,Carroll,Carroll,16,3,https://resources.premierleague.com/premierleague/photos/players/110x140/p93464.png
398,108823,Bamidele,Alli,Alli,17,3,https://resources.premierleague.com/premierleague/photos/players/110x140/p108823.png
399,168765,Joshua,Onomah,Onomah,17,3,https://resources.premierleague.com/premierleague/photos/players/110x140/p168765.png
400,54756,Victor,Wanyama,Wanyama,17,3,https://resources.premierleague.com/premierleague/photos/players/110x140/p54756.png
401,106450,Alex,Pritchard,Pritchard,17,3,https://resources.premierleague.com/premierleague/photos/players/110x140/p106450.png
402,85971,Heung-Min,Son,Son,17,3,https://resources.premierleague.com/premierleague/photos/players/110x140/p85971.png
403,78830,Harry,Kane,Kane,17,4,https://resources.premierleague.com/premierleague/photos/players/110x140/p78830.png
404,145212,Clinton,N'Jie,N'Jie,17,4,https://resources.premierleague.com/premierleague/photos/players/110x140/p145212.png
405,165990,Vincent,Janssen,Janssen,17,4,https://resources.premierleague.com/premierleague/photos/players/110x140/p165990.png
406,56827,Costel,Pantilimon,Pantilimon,18,1,https://resources.premierleague.com/premierleague/photos/players/110x140/p56827.png
407,18656,Heurelho,Gomes,Gomes,18,1,https://resources.premierleague.com/premierleague/photos/players/110x140/p18656.png
408,41338,Craig,Cathcart,Cathcart,18,2,https://resources.premierleague.com/premierleague/photos/players/110x140/p41338.png
409,41945,Sebastian,Prödl,Prödl,18,2,https://resources.premierleague.com/premierleague/photos/players/110x140/p41945.png
410,98780,Juan Carlos,Paredes,Paredes,18,2,https://resources.premierleague.com/premierleague/photos/players/110x140/p98780.png
411,40868,José,Holebas,Holebas,18,2,https://resources.premierleague.com/premierleague/photos/players/110x140/p40868.png
412,67527,Allan-Roméo,Nyom,Nyom,19,2,https://resources.premierleague.com/premierleague/photos/players/110x140/p67527.png
413,52153,Miguel,Britos,Britos,18,2,https://resources.premierleague.com/premierleague/photos/players/110x140/p52153.png
414,85624,Christian,Kabasele,Kabasele,18,2,https://resources.premierleague.com/premierleague/photos/players/110x140/p85624.png
415,44302,Adlène,Guédioura,Guédioura,12,3,https://resources.premierleague.com/premierleague/photos/players/110x140/p44302.png
416,38439,Etienne,Capoue,Capoue,18,3,https://resources.premierleague.com/premierleague/photos/players/110x140/p38439.png
417,41926,Almen,Abdi,Abdi,18,3,https://resources.premierleague.com/premierleague/photos/players/110x140/p41926.png
418,16045,Ben,Watson,Watson,18,3,https://resources.premierleague.com/premierleague/photos/players/110x140/p16045.png
419,19342,Ikechi,Anya,Anya,18,3,https://resources.premierleague.com/premierleague/photos/players/110x140/p19342.png
420,21123,Valon,Behrami,Behrami,18,3,https://resources.premierleague.com/premierleague/photos/players/110x140/p21123.png
421,88935,Steven,Berghuis,Berghuis,18,3,https://resources.premierleague.com/premierleague/photos/players/110x140/p88935.png
422,44604,Nordin,Amrabat,Amrabat,18,3,https://resources.premierleague.com/premierleague/photos/players/110x140/p44604.png
423,28160,Mario,Suárez,Suárez,18,3,https://resources.premierleague.com/premierleague/photos/players/110x140/p28160.png
424,173514,Isaac,Success,Success,18,3,https://resources.premierleague.com/premierleague/photos/players/110x140/p173514.png
425,41725,Troy,Deeney,Deeney,18,4,https://resources.premierleague.com/premierleague/photos/players/110x140/p41725.png
426,58498,Odion,Ighalo,Ighalo,18,4,https://resources.premierleague.com/premierleague/photos/players/110x140/p58498.png
427,179620,Mamadou Obbi,Oularé,Oularé,18,4,https://resources.premierleague.com/premierleague/photos/players/110x140/p179620.png
428,133801,Jerome,Sinclair,Sinclair,18,4,https://resources.premierleague.com/premierleague/photos/players/110x140/p133801.png
429,12086,Boaz,Myhill,Myhill,19,1,https://resources.premierleague.com/premierleague/photos/players/110x140/p12086.png
430,9089,Ben,Foster,Foster,19,1,https://resources.premierleague.com/premierleague/photos/players/110x140/p9089.png
431,37642,Jonny,Evans,Evans,19,2,https://resources.premierleague.com/premierleague/photos/players/110x140/p37642.png
432,39253,Jonas,Olsson,Olsson,19,2,https://resources.premierleague.com/premierleague/photos/players/110x140/p39253.png
433,60232,Craig,Dawson,Dawson,19,2,https://resources.premierleague.com/premierleague/photos/players/110x140/p60232.png
434,42583,Sébastien,Pocognoli,Pocognoli,19,2,https://resources.premierleague.com/premierleague/photos/players/110x140/p42583.png
435,77760,Cristian,Gamboa,Gamboa,19,2,https://resources.premierleague.com/premierleague/photos/players/110x140/p77760.png
436,19272,Gareth,McAuley,McAuley,19,2,https://resources.premierleague.com/premierleague/photos/players/110x140/p19272.png
437,43252,James,Chester,Chester,19,2,https://resources.premierleague.com/premierleague/photos/players/110x140/p43252.png
438,19151,Chris,Brunt,Brunt,19,2,https://resources.premierleague.com/premierleague/photos/players/110x140/p19151.png
439,14295,Darren,Fletcher,Fletcher,19,3,https://resources.premierleague.com/premierleague/photos/players/110x140/p14295.png
440,28468,Craig,Gardner,Gardner,19,3,https://resources.premierleague.com/premierleague/photos/players/110x140/p28468.png
441,18008,James,Morrison,Morrison,19,3,https://resources.premierleague.com/premierleague/photos/players/110x140/p18008.png
442,55829,Claudio,Yacob,Yacob,19,3,https://resources.premierleague.com/premierleague/photos/players/110x140/p55829.png
443,61538,Callum,McManaman,McManaman,19,3,https://resources.premierleague.com/premierleague/photos/players/110x140/p61538.png
444,63370,James,McClean,McClean,19,3,https://resources.premierleague.com/premierleague/photos/players/110x140/p63370.png
445,173809,Jonathan,Leko,Leko,19,3,https://resources.premierleague.com/premierleague/photos/players/110x140/p173809.png
446,50229,Matt,Phillips,Phillips,19,3,https://resources.premierleague.com/premierleague/photos/players/110x140/p50229.png
447,11037,Rickie,Lambert,Lambert,19,4,https://resources.premierleague.com/premierleague/photos/players/110x140/p11037.png
448,91972,Saido,Berahino,Berahino,14,4,https://resources.premierleague.com/premierleague/photos/players/110x140/p91972.png
449,57134,Salomón,Rondón,Rondón,19,4,https://resources.premierleague.com/premierleague/photos/players/110x140/p57134.png
450,60706,Adrián,San Miguel del Castillo,Adrián,20,1,https://resources.premierleague.com/premierleague/photos/players/110x140/p60706.png
451,32259,Darren,Randolph,Randolph,20,1,https://resources.premierleague.com/premierleague/photos/players/110x140/p32259.png
452,8380,James,Collins,Collins,20,2,https://resources.premierleague.com/premierleague/photos/players/110x140/p8380.png
453,48717,Winston,Reid,Reid,20,2,https://resources.premierleague.com/premierleague/photos/players/110x140/p48717.png
454,55459,Aaron,Cresswell,Cresswell,20,2,https://resources.premierleague.com/premierleague/photos/players/110x140/p55459.png
455,173792,Reece,Oxford,Oxford,20,2,https://resources.premierleague.com/premierleague/photos/players/110x140/p173792.png
456,40669,Angelo,Ogbonna,Ogbonna,20,2,https://resources.premierleague.com/premierleague/photos/players/110x140/p40669.png
457,113564,Sam,Byram,Byram,20,2,https://resources.premierleague.com/premierleague/photos/players/110x140/p113564.png
458,18073,Mark,Noble,Noble,20,3,https://resources.premierleague.com/premierleague/photos/players/110x140/p18073.png
459,55037,Cheikhou,Kouyaté,Kouyaté,20,3,https://resources.premierleague.com/premierleague/photos/players/110x140/p55037.png
460,59779,Pedro,Obiang,Obiang,20,3,https://resources.premierleague.com/premierleague/photos/players/110x140/p59779.png
461,37901,Dimitri,Payet,Payet,20,3,https://resources.premierleague.com/premierleague/photos/players/110x140/p37901.png
462,86934,Manuel,Lanzini,Lanzini,20,3,https://resources.premierleague.com/premierleague/photos/players/110x140/p86934.png
463,172567,Josh,Cullen,Cullen,20,3,https://resources.premierleague.com/premierleague/photos/players/110x140/p172567.png
464,57531,Michail,Antonio,Antonio,20,3,https://resources.premierleague.com/premierleague/photos/players/110x140/p57531.png
465,43626,Håvard,Nordtveit,Nordtveit,20,3,https://resources.premierleague.com/premierleague/photos/players/110x140/p43626.png
466,44336,Sofiane,Feghouli,Feghouli,20,3,https://resources.premierleague.com/premierleague/photos/players/110x140/p44336.png
467,59796,Gökhan,Töre,Töre,20,3,https://resources.premierleague.com/premierleague/photos/players/110x140/p59796.png
468,40142,Andy,Carroll,Carroll,20,4,https://resources.premierleague.com/premierleague/photos/players/110x140/p40142.png
469,148179,Enner,Valencia,Valencia,6,4,https://resources.premierleague.com/premierleague/photos/players/110x140/p148179.png
470,73889,Diafra,Sakho,Sakho,20,4,https://resources.premierleague.com/premierleague/photos/players/110x140/p73889.png
471,98747,Nick,Pope,Pope,3,1,https://resources.premierleague.com/premierleague/photos/players/110x140/p98747.png
472,1801,Paul,Robinson,Robinson,3,1,https://resources.premierleague.com/premierleague/photos/players/110x140/p1801.png
473,60586,Johann Berg,Gudmundsson,Gudmundsson,3,3,https://resources.premierleague.com/premierleague/photos/players/110x140/p60586.png
474,33871,Ragnar,Klavan,Klavan,9,2,https://resources.premierleague.com/premierleague/photos/players/110x140/p33871.png
475,210237,Marko,Grujic,Grujic,9,3,https://resources.premierleague.com/premierleague/photos/players/110x140/p210237.png
476,160729,Jason,Denayer,Denayer,15,2,https://resources.premierleague.com/premierleague/photos/players/110x140/p160729.png
477,20399,Antonio,Barragán,Barragán,12,2,https://resources.premierleague.com/premierleague/photos/players/110x140/p20399.png
478,42892,Álvaro,Negredo,Negredo,12,4,https://resources.premierleague.com/premierleague/photos/players/110x140/p42892.png
479,42738,Juan,Zuñiga,Zuñiga,18,2,https://resources.premierleague.com/premierleague/photos/players/110x140/p42738.png
480,97296,Tommie,Hoban,Hoban,18,2,https://resources.premierleague.com/premierleague/photos/players/110x140/p97296.png
481,86431,Brice,Dja Djédjé,Dja Djédjé,18,2,https://resources.premierleague.com/premierleague/photos/players/110x140/p86431.png
482,121599,Abdoulaye,Doucouré,Doucouré,18,3,https://resources.premierleague.com/premierleague/photos/players/110x140/p121599.png
483,81183,Matej,Vydra,Vydra,18,4,https://resources.premierleague.com/premierleague/photos/players/110x140/p81183.png
484,156074,Rob,Holding,Holding,1,2,https://resources.premierleague.com/premierleague/photos/players/110x140/p156074.png
485,41733,Georginio,Wijnaldum,Wijnaldum,9,3,https://resources.premierleague.com/premierleague/photos/players/110x140/p41733.png
486,205102,Ramadan,Sobhi,Sobhi,14,3,https://resources.premierleague.com/premierleague/photos/players/110x140/p205102.png
487,159506,Ola,Aina,Aina,4,2,https://resources.premierleague.com/premierleague/photos/players/110x140/p159506.png
488,80801,Idrissa,Gueye,Gueye,6,3,https://resources.premierleague.com/premierleague/photos/players/110x140/p80801.png
489,182156,Leroy,Sané,Sané,10,3,https://resources.premierleague.com/premierleague/photos/players/110x140/p182156.png
490,41705,Bradley,Guzan,Guzan,12,1,https://resources.premierleague.com/premierleague/photos/players/110x140/p41705.png
491,78091,Gastón,Ramírez,Ramírez,12,3,https://resources.premierleague.com/premierleague/photos/players/110x140/p78091.png
492,40833,Jérémy,Pied,Pied,13,2,https://resources.premierleague.com/premierleague/photos/players/110x140/p40833.png
493,147675,Chuba,Akpom,Akpom,1,4,https://resources.premierleague.com/premierleague/photos/players/110x140/p147675.png
494,138009,Sullay,Kaikai,Kaikai,5,3,https://resources.premierleague.com/premierleague/photos/players/110x140/p138009.png
495,194164,Mason,Holgate,Holgate,6,2,https://resources.premierleague.com/premierleague/photos/players/110x140/p194164.png
496,172850,Benjamin,Chilwell,Chilwell,8,2,https://resources.premierleague.com/premierleague/photos/players/110x140/p172850.png
497,165911,Bartosz,Kapustka,Kapustka,8,3,https://resources.premierleague.com/premierleague/photos/players/110x140/p165911.png
498,145235,Jose Angel,Esmoris Tasende,Angelino,10,2,https://resources.premierleague.com/premierleague/photos/players/110x140/p145235.png
499,80935,Papy,Djilobodji,Djilobodji,15,2,https://resources.premierleague.com/premierleague/photos/players/110x140/p80935.png
500,19760,Fernando,Llorente,Llorente,16,4,https://resources.premierleague.com/premierleague/photos/players/110x140/p19760.png
501,168763,Cameron,Carter-Vickers,Carter-Vickers,17,2,https://resources.premierleague.com/premierleague/photos/players/110x140/p168763.png
502,80788,Daniel,Lafferty,Lafferty,3,2,https://resources.premierleague.com/premierleague/photos/players/110x140/p80788.png
503,74208,Paul,Pogba,Pogba,11,3,https://resources.premierleague.com/premierleague/photos/players/110x140/p74208.png
504,88900,Jack,Stephens,Stephens,13,2,https://resources.premierleague.com/premierleague/photos/players/110x140/p88900.png
505,105717,Arthur,Masuaku,Masuaku,20,2,https://resources.premierleague.com/premierleague/photos/players/110x140/p105717.png
506,160816,Donald,Love,Love,15,2,https://resources.premierleague.com/premierleague/photos/players/110x140/p160816.png
507,83091,Borja,Bastón,Bastón,16,4,https://resources.premierleague.com/premierleague/photos/players/110x140/p83091.png
508,94926,Olayinka Fredrick Oladotun,Ladapo,Ladapo,5,4,https://resources.premierleague.com/premierleague/photos/players/110x140/p94926.png
509,204216,Keshi,Anderson,Anderson,5,4,https://resources.premierleague.com/premierleague/photos/players/110x140/p204216.png
510,215457,Kane,Wilson,Wilson,19,2,https://resources.premierleague.com/premierleague/photos/players/110x140/p215457.png
511,195864,Sam,Field,Field,19,3,https://resources.premierleague.com/premierleague/photos/players/110x140/p195864.png
512,173807,Tom,Davies,Davies,6,3,https://resources.premierleague.com/premierleague/photos/players/110x140/p173807.png
513,157668,Harry,Winks,Winks,17,3,https://resources.premierleague.com/premierleague/photos/players/110x140/p157668.png
514,155509,Greg,Olley,Olley,7,3,https://resources.premierleague.com/premierleague/photos/players/110x140/p155509.png
515,213384,Josh,Clackstone,Clackstone,7,2,https://resources.premierleague.com/premierleague/photos/players/110x140/p213384.png
516,178186,Jarrod,Bowen,Bowen,7,4,https://resources.premierleague.com/premierleague/photos/players/110x140/p178186.png
517,19812,Dusan,Kuciak,Kuciak,7,1,https://resources.premierleague.com/premierleague/photos/players/110x140/p19812.png
518,202174,Greg,Luer,Luer,7,4,https://resources.premierleague.com/premierleague/photos/players/110x140/p202174.png
519,221267,Josh,Tymon,Tymon,7,2,https://resources.premierleague.com/premierleague/photos/players/110x140/p221267.png
520,149016,Lynden,Gooch,Gooch,15,3,https://resources.premierleague.com/premierleague/photos/players/110x140/p149016.png
521,219727,Joel,Asoro,Asoro,15,3,https://resources.premierleague.com/premierleague/photos/players/110x140/p219727.png
522,15633,Alex,Baptiste,Baptiste,12,2,https://resources.premierleague.com/premierleague/photos/players/110x140/p15633.png
523,169187,Trent,Alexander-Arnold,Alexander-Arnold,9,3,https://resources.premierleague.com/premierleague/photos/players/110x140/p169187.png
524,1616,Alexander,Manninger,Manninger,9,1,https://resources.premierleague.com/premierleague/photos/players/110x140/p1616.png
525,39847,Steven,Defour,Defour,3,3,https://resources.premierleague.com/premierleague/photos/players/110x140/p39847.png
526,168287,Jonathan,Calleri,Calleri,20,4,https://resources.premierleague.com/premierleague/photos/players/110x140/p168287.png
527,54771,Fabio Pereira,da Silva,Fabio,12,2,https://resources.premierleague.com/premierleague/photos/players/110x140/p54771.png
528,170154,Pablo,Maffeo,Maffeo,10,2,https://resources.premierleague.com/premierleague/photos/players/110x140/p170154.png
529,153772,Luke,McGee,McGee,17,1,https://resources.premierleague.com/premierleague/photos/players/110x140/p153772.png
530,89085,Nathaniel,Chalobah,Chalobah,4,3,https://resources.premierleague.com/premierleague/photos/players/110x140/p89085.png
531,234483,Aiden,O'Neill,O'Neill,3,3,https://resources.premierleague.com/premierleague/photos/players/110x140/p234483.png
532,170851,Josh,Robson,Josh Robson,15,2,https://resources.premierleague.com/premierleague/photos/players/110x140/p170851.png
533,7525,Steven,Pienaar,Pienaar,15,3,https://resources.premierleague.com/premierleague/photos/players/110x140/p7525.png
534,156658,Reece,Burke,Burke,20,2,https://resources.premierleague.com/premierleague/photos/players/110x140/p156658.png
535,176296,Ashley,Fletcher,Fletcher,20,4,https://resources.premierleague.com/premierleague/photos/players/110x140/p176296.png
536,90105,Ryan,Fraser,Fraser,2,3,https://resources.premierleague.com/premierleague/photos/players/110x140/p90105.png
537,154558,Thomas,Robson,Thomas Robson,15,2,https://resources.premierleague.com/premierleague/photos/players/110x140/p154558.png
538,109528,Javier,Manquillo,Manquillo,15,2,https://resources.premierleague.com/premierleague/photos/players/110x140/p109528.png
539,61566,Roberto,Pereyra,Pereyra,18,3,https://resources.premierleague.com/premierleague/photos/players/110x140/p61566.png
540,52940,Daryl,Janmaat,Janmaat,18,2,https://resources.premierleague.com/premierleague/photos/players/110x140/p52940.png
541,33148,Claudio,Bravo,Bravo,10,1,https://resources.premierleague.com/premierleague/photos/players/110x140/p33148.png
542,163526,Edimilson,Fernandes,Fernandes,20,3,https://resources.premierleague.com/premierleague/photos/players/110x140/p163526.png
543,130103,Hiram,Boateng,Boateng,5,3,https://resources.premierleague.com/premierleague/photos/players/110x140/p130103.png
544,200455,Julien,Ngoy,Ngoy,14,4,https://resources.premierleague.com/premierleague/photos/players/110x140/p200455.png
545,221268,Ben,Hinchcliffe,Hinchcliffe,7,4,https://resources.premierleague.com/premierleague/photos/players/110x140/p221268.png
546,169432,Oliver,McBurnie,McBurnie,16,4,https://resources.premierleague.com/premierleague/photos/players/110x140/p169432.png
547,168717,Maksymilian,Stryjek,Stryjek,15,1,https://resources.premierleague.com/premierleague/photos/players/110x140/p168717.png
548,112507,Jack,Rose,Rose,19,1,https://resources.premierleague.com/premierleague/photos/players/110x140/p112507.png
549,155851,Lucas,Pérez,Pérez,1,4,https://resources.premierleague.com/premierleague/photos/players/110x140/p155851.png
550,60270,Simone,Zaza,Zaza,20,4,https://resources.premierleague.com/premierleague/photos/players/110x140/p60270.png
551,128198,Sofiane,Boufal,Boufal,13,3,https://resources.premierleague.com/premierleague/photos/players/110x140/p128198.png
552,20046,Stefano,Okaka,Okaka,18,4,https://resources.premierleague.com/premierleague/photos/players/110x140/p20046.png
553,106617,Patrick,Bamford,Bamford,12,4,https://resources.premierleague.com/premierleague/photos/players/110x140/p106617.png
554,15144,David,Marshall,Marshall,7,1,https://resources.premierleague.com/premierleague/photos/players/110x140/p15144.png
555,69140,Shkodran,Mustafi,Mustafi,1,2,https://resources.premierleague.com/premierleague/photos/players/110x140/p69140.png
556,20145,Adrian,Mariappa,Mariappa,18,2,https://resources.premierleague.com/premierleague/photos/players/110x140/p20145.png
557,91126,Will,Keane,Keane,7,4,https://resources.premierleague.com/premierleague/photos/players/110x140/p91126.png
558,149266,Alfie,Mawson,Mawson,16,2,https://resources.premierleague.com/premierleague/photos/players/110x140/p149266.png
559,144660,Didier,Ndong,Ndong,15,3,https://resources.premierleague.com/premierleague/photos/players/110x140/p144660.png
560,83314,Jeff,Hendrick,Hendrick,3,3,https://resources.premierleague.com/premierleague/photos/players/110x140/p83314.png
561,82263,Marcos,Alonso,Alonso,4,2,https://resources.premierleague.com/premierleague/photos/players/110x140/p82263.png
562,85352,Bruno,Martins Indi,Martins Indi,14,2,https://resources.premierleague.com/premierleague/photos/players/110x140/p85352.png
563,159533,Adama,Traoré,Traoré,12,3,https://resources.premierleague.com/premierleague/photos/players/110x140/p159533.png
564,182960,Pau,López Sabata,Pau López,17,1,https://resources.premierleague.com/premierleague/photos/players/110x140/p182960.png
565,168566,Georges-Kévin,Nkoudou,Nkoudou,17,3,https://resources.premierleague.com/premierleague/photos/players/110x140/p168566.png
566,156686,James,Weir,Weir,7,3,https://resources.premierleague.com/premierleague/photos/players/110x140/p156686.png
567,149828,Islam,Slimani,Slimani,8,4,https://resources.premierleague.com/premierleague/photos/players/110x140/p149828.png
568,18759,Álvaro,Arbeloa,Arbeloa,20,2,https://resources.premierleague.com/premierleague/photos/players/110x140/p18759.png
569,39472,Dieumerci,Mbokani,Mbokani,7,4,https://resources.premierleague.com/premierleague/photos/players/110x140/p39472.png
570,41270,David,Luiz Moreira Marinho,David Luiz,4,2,https://resources.premierleague.com/premierleague/photos/players/110x140/p41270.png
571,49440,Hal,Robson-Kanu,Robson-Kanu,19,4,https://resources.premierleague.com/premierleague/photos/players/110x140/p49440.png
572,45268,Moussa,Sissoko,Sissoko,17,3,https://resources.premierleague.com/premierleague/photos/players/110x140/p45268.png
573,82771,Markus,Henriksen,Henriksen,7,3,https://resources.premierleague.com/premierleague/photos/players/110x140/p82771.png
574,6744,Lee,Grant,Grant,14,1,https://resources.premierleague.com/premierleague/photos/players/110x140/p6744.png
575,28593,Victor,Anichebe,Anichebe,15,4,https://resources.premierleague.com/premierleague/photos/players/110x140/p28593.png
576,18155,Mathieu,Flamini,Flamini,5,3,https://resources.premierleague.com/premierleague/photos/players/110x140/p18155.png
577,81061,Michael,Simões Domingues,Mika,15,1,https://resources.premierleague.com/premierleague/photos/players/110x140/p81061.png
578,178871,Aleix,García Serrano,García,10,3,https://resources.premierleague.com/premierleague/photos/players/110x140/p178871.png
579,191769,Jonathan,Benteke,Jonathan Benteke,5,4,https://resources.premierleague.com/premierleague/photos/players/110x140/p191769.png
580,106603,Ezekiel,Fryers,Fryers,5,2,https://resources.premierleague.com/premierleague/photos/players/110x140/p106603.png
581,221275,Luke,Dreher,Dreher,5,3,https://resources.premierleague.com/premierleague/photos/players/110x140/p221275.png
582,154051,Oviemuno,Ejaria,Ejaria,9,3,https://resources.premierleague.com/premierleague/photos/players/110x140/p154051.png
583,38038,Ben,Hamer,Hamer,8,1,https://resources.premierleague.com/premierleague/photos/players/110x140/p38038.png
584,101179,Lloyd,Isgrove,Isgrove,13,3,https://resources.premierleague.com/premierleague/photos/players/110x140/p101179.png
585,221271,Ben,Wynter,Wynter,5,2,https://resources.premierleague.com/premierleague/photos/players/110x140/p221271.png
586,158544,Jake,Hesketh,Hesketh,13,3,https://resources.premierleague.com/premierleague/photos/players/110x140/p158544.png
587,114000,George,Honeyman,Honeyman,15,3,https://resources.premierleague.com/premierleague/photos/players/110x140/p114000.png
588,208987,Jeff,Reine-Adelaide,Reine-Adelaide,1,3,https://resources.premierleague.com/premierleague/photos/players/110x140/p208987.png
589,154050,Olufela,Olomola,Olomola,13,3,https://resources.premierleague.com/premierleague/photos/players/110x140/p154050.png
590,154566,Dominic,Solanke,Solanke,4,4,https://resources.premierleague.com/premierleague/photos/players/110x140/p154566.png
591,82257,Raphael,Spiegel,Spiegel,20,1,https://resources.premierleague.com/premierleague/photos/players/110x140/p82257.png
592,153373,Sam,McQueen,McQueen,13,3,https://resources.premierleague.com/premierleague/photos/players/110x140/p153373.png
593,154043,Ainsley,Maitland-Niles,Maitland-Niles,1,3,https://resources.premierleague.com/premierleague/photos/players/110x140/p154043.png
594,41674,Kevin,Long,Long,3,2,https://resources.premierleague.com/premierleague/photos/players/110x140/p41674.png
595,177815,Dominic,Calvert-Lewin,Calvert-Lewin,6,4,https://resources.premierleague.com/premierleague/photos/players/110x140/p177815.png
596,185056,Mateusz,Hewelt,Hewelt,6,1,https://resources.premierleague.com/premierleague/photos/players/110x140/p185056.png
597,3201,Stuart,Taylor,Taylor,13,1,https://resources.premierleague.com/premierleague/photos/players/110x140/p3201.png
598,200617,Daniel,James,James,16,3,https://resources.premierleague.com/premierleague/photos/players/110x140/p200617.png
599,220650,Thibaud,Verlinden,Verlinden,14,3,https://resources.premierleague.com/premierleague/photos/players/110x140/p220650.png
600,61302,Ryan,Allsop,Allsop,2,1,https://resources.premierleague.com/premierleague/photos/players/110x140/p61302.png
601,112520,Alex,Palmer,Palmer,19,1,https://resources.premierleague.com/premierleague/photos/players/110x140/p112520.png
602,61604,Matthew,James,James,8,3,https://resources.premierleague.com/premierleague/photos/players/110x140/p61604.png
603,182436,Ben,Woodburn,Woodburn,9,3,https://resources.premierleague.com/premierleague/photos/players/110x140/p182436.png
604,153379,Joshua,Sims,Sims,13,3,https://resources.premierleague.com/premierleague/photos/players/110x140/p153379.png
605,243531,Andrew,Eleftheriou,Eleftheriou,18,2,https://resources.premierleague.com/premierleague/photos/players/110x140/p243531.png
606,215885,Michael,Phillips,Phillips,5,3,https://resources.premierleague.com/premierleague/photos/players/110x140/p215885.png
607,109646,Oluwatosin,Adarabioyo,Tosin Adarabioyo,10,2,https://resources.premierleague.com/premierleague/photos/players/110x140/p109646.png
608,181489,Alex,Pike,Pike,20,2,https://resources.premierleague.com/premierleague/photos/players/110x140/p181489.png
609,195859,Marcus,Browne,Browne,20,3,https://resources.premierleague.com/premierleague/photos/players/110x140/p195859.png
610,216058,Domingos,Quina,Quina,20,3,https://resources.premierleague.com/premierleague/photos/players/110x140/p216058.png
611,169735,Noor,Husin,Husin,5,3,https://resources.premierleague.com/premierleague/photos/players/110x140/p169735.png
612,214590,Aaron,Wan-Bissaka,Wan-Bissaka,5,3,https://resources.premierleague.com/premierleague/photos/players/110x140/p214590.png
613,195480,Josh,Maja,Maja,15,4,https://resources.premierleague.com/premierleague/photos/players/110x140/p195480.png
614,232427,Rekeem,Harper,Harper,19,3,https://resources.premierleague.com/premierleague/photos/players/110x140/p232427.png
615,149051,Ethan,Robson,Ethan Robson,15,3,https://resources.premierleague.com/premierleague/photos/players/110x140/p149051.png
616,153673,Jonjoe,Kenny,Kenny,6,2,https://resources.premierleague.com/premierleague/photos/players/110x140/p153673.png
617,204819,Elliot,Embleton,Embleton,15,3,https://resources.premierleague.com/premierleague/photos/players/110x140/p204819.png
618,204480,Declan,Rice,Rice,20,3,https://resources.premierleague.com/premierleague/photos/players/110x140/p204480.png
619,221286,Charlie,Rowan,Rowan,18,2,https://resources.premierleague.com/premierleague/photos/players/110x140/p221286.png
620,204760,Michael,Folivi,Folivi,18,4,https://resources.premierleague.com/premierleague/photos/players/110x140/p204760.png
621,231172,Brandon,Mason,Mason,18,2,https://resources.premierleague.com/premierleague/photos/players/110x140/p231172.png
622,179725,Carl,Stewart,Stewart,18,3,https://resources.premierleague.com/premierleague/photos/players/110x140/p179725.png
623,198044,Harry,Lewis,Lewis,13,1,https://resources.premierleague.com/premierleague/photos/players/110x140/p198044.png
624,154559,Michael,Ledger,Ledger,15,2,https://resources.premierleague.com/premierleague/photos/players/110x140/p154559.png
625,205651,Gabriel Fernando,de Jesus,Jesus,10,4,https://resources.premierleague.com/premierleague/photos/players/110x140/p205651.png
626,15276,Joey,Barton,Barton,3,3,https://resources.premierleague.com/premierleague/photos/players/110x140/p15276.png
627,219352,Ademola,Lookman,Lookman,6,3,https://resources.premierleague.com/premierleague/photos/players/110x140/p219352.png
628,203341,Wilfred,Ndidi,Ndidi,8,3,https://resources.premierleague.com/premierleague/photos/players/110x140/p203341.png
629,49207,Rudy,Gestede,Gestede,12,4,https://resources.premierleague.com/premierleague/photos/players/110x140/p49207.png
630,52287,Evandro,Goebel,Evandro,7,3,https://resources.premierleague.com/premierleague/photos/players/110x140/p52287.png
631,169130,Joel,Taylor,Taylor,14,2,https://resources.premierleague.com/premierleague/photos/players/110x140/p169130.png
632,57586,Luciano,Narsingh,Narsingh,16,3,https://resources.premierleague.com/premierleague/photos/players/110x140/p57586.png
633,28654,Martin,Olsson,Olsson,16,2,https://resources.premierleague.com/premierleague/photos/players/110x140/p28654.png
634,92293,Omar,Elabdellaoui,Elabdellaoui,7,2,https://resources.premierleague.com/premierleague/photos/players/110x140/p92293.png
635,7551,Joleon,Lescott,Lescott,15,2,https://resources.premierleague.com/premierleague/photos/players/110x140/p7551.png
636,49696,Mauro,Zárate,Zárate,18,4,https://resources.premierleague.com/premierleague/photos/players/110x140/p49696.png
637,96764,M'Baye,Niang,Niang,18,4,https://resources.premierleague.com/premierleague/photos/players/110x140/p96764.png
638,39167,Andrea,Ranocchia,Ranocchia,7,2,https://resources.premierleague.com/premierleague/photos/players/110x140/p39167.png
639,57187,Giedrius,Arlauskis,Arlauskis,18,1,https://resources.premierleague.com/premierleague/photos/players/110x140/p57187.png
640,90517,Robbie,Brady,Brady,3,3,https://resources.premierleague.com/premierleague/photos/players/110x140/p90517.png
641,60551,Ashley,Westwood,Westwood,3,3,https://resources.premierleague.com/premierleague/photos/players/110x140/p60551.png
642,80146,Jordan,Ayew,Ayew,16,4,https://resources.premierleague.com/premierleague/photos/players/110x140/p80146.png
643,61548,Manolo,Gabbiadini,Gabbiadini,13,4,https://resources.premierleague.com/premierleague/photos/players/110x140/p61548.png
644,49688,Alfred,N'Diaye,N'Diaye,7,3,https://resources.premierleague.com/premierleague/photos/players/110x140/p49688.png
645,103127,Molla,Wagué,Wagué,8,2,https://resources.premierleague.com/premierleague/photos/players/110x140/p103127.png
646,66975,Luka,Milivojevic,Milivojevic,5,3,https://resources.premierleague.com/premierleague/photos/players/110x140/p66975.png
647,49957,Kamil,Grosicki,Grosicki,7,3,https://resources.premierleague.com/premierleague/photos/players/110x140/p49957.png
648,209212,Thomas,Edwards,Edwards,14,2,https://resources.premierleague.com/premierleague/photos/players/110x140/p209212.png
649,167789,Baily,Cargill,Cargill,2,2,https://resources.premierleague.com/premierleague/photos/players/110x140/p167789.png
650,115357,Mouez,Hassen,Hassen,13,1,https://resources.premierleague.com/premierleague/photos/players/110x140/p115357.png
651,207725,Daniel,Agyei,Agyei,3,4,https://resources.premierleague.com/premierleague/photos/players/110x140/p207725.png
652,43693,Martín,Cáceres,Cáceres,13,2,https://resources.premierleague.com/premierleague/photos/players/110x140/p43693.png
653,153682,Harry,Wilson,Wilson,9,3,https://resources.premierleague.com/premierleague/photos/players/110x140/p153682.png
654,192290,Connor,Roberts,Roberts,16,2,https://resources.premierleague.com/premierleague/photos/players/110x140/p192290.png
655,176295,Matthew,Willock,Willock,11,3,https://resources.premierleague.com/premierleague/photos/players/110x140/p176295.png
656,180804,Axel,Tuanzebe,Tuanzebe,11,2,https://resources.premierleague.com/premierleague/photos/players/110x140/p180804.png
657,98980,Damian Emiliano,Martinez,Martinez,1,1,https://resources.premierleague.com/premierleague/photos/players/110x140/p98980.png
658,169527,Joe,Williams,Joe Williams,6,3,https://resources.premierleague.com/premierleague/photos/players/110x140/p169527.png
659,243532,Dion,Pereira,Pereira,18,3,https://resources.premierleague.com/premierleague/photos/players/110x140/p243532.png
660,113534,Matt,Macey,Macey,1,1,https://resources.premierleague.com/premierleague/photos/players/110x140/p113534.png
661,90263,James,Husband,Husband,12,2,https://resources.premierleague.com/premierleague/photos/players/110x140/p90263.png
662,168196,Joel Dinis,Castro Pereira,Joel Pereira,11,1,https://resources.premierleague.com/premierleague/photos/players/110x140/p168196.png
663,41251,Eduardo,Dos Reis Carvalho,Eduardo,4,1,https://resources.premierleague.com/premierleague/photos/players/110x140/p41251.png
664,156660,Moses,Makasi,Makasi,20,3,https://resources.premierleague.com/premierleague/photos/players/110x140/p156660.png
665,183487,Nathan,Holland,Holland,20,3,https://resources.premierleague.com/premierleague/photos/players/110x140/p183487.png
666,195473,Rhian,Brewster,Brewster,9,4,https://resources.premierleague.com/premierleague/photos/players/110x140/p195473.png
667,195851,Scott,McTominay,McTominay,11,3,https://resources.premierleague.com/premierleague/photos/players/110x140/p195851.png
668,107265,Angus,Gunn,Gunn,10,1,https://resources.premierleague.com/premierleague/photos/players/110x140/p107265.png
669,171277,Demetri,Mitchell,Mitchell,11,2,https://resources.premierleague.com/premierleague/photos/players/110x140/p171277.png
670,179596,Elliott,Moore,Moore,8,2,https://resources.premierleague.com/premierleague/photos/players/110x140/p179596.png
671,157665,Filip,Lesniak,Lesniak,17,3,https://resources.premierleague.com/premierleague/photos/players/110x140/p157665.png
672,205135,Samuel,Shashoua,Shashoua,17,3,https://resources.premierleague.com/premierleague/photos/players/110x140/p205135.png
673,179261,Zachary,Dearnley,Dearnley,11,3,https://resources.premierleague.com/premierleague/photos/players/110x140/p179261.png
674,156690,Joshua,Harrop,Harrop,11,3,https://resources.premierleague.com/premierleague/photos/players/110x140/p156690.png
675,221568,Daniel,Kemp,Kemp,20,3,https://resources.premierleague.com/premierleague/photos/players/110x140/p221568.png
676,240499,Daniel,Batty,Batty,7,3,https://resources.premierleague.com/premierleague/photos/players/110x140/p240499.png
677,225321,Aaron,Ramsdale,Ramsdale,2,1,https://resources.premierleague.com/premierleague/photos/players/110x140/p225321.png
678,224946,Matthew,Worthington,Worthington,2,3,https://resources.premierleague.com/premierleague/photos/players/110x140/p224946.png
679,217331,Sam,Surridge,Surridge,2,4,https://resources.premierleague.com/premierleague/photos/players/110x140/p217331.png
680,209041,Angel,Gomes,Gomes,11,3,https://resources.premierleague.com/premierleague/photos/players/110x140/p209041.png
681,192182,Kieran,O'Hara,O'Hara,11,1,https://resources.premierleague.com/premierleague/photos/players/110x140/p192182.png
682,5288,Gerhard,Tremmel,Tremmel,16,1,https://resources.premierleague.com/premierleague/photos/players/110x140/p5288.png
683,26719,Rene,Gilmartin,Gilmartin,18,1,https://resources.premierleague.com/premierleague/photos/players/110x140/p26719.png
